ID,Status,Target Country,Store / product URL,Trendtrack Ad Link,Facebook Ad Link,Drive URL,Primary Text,Headline,Description,Target Language,Review Note
NL-025,Finished,Netherlands,,,https://www.facebook.com/ads/library/?id=1059406850353566,https://drive.google.com/file/d/1iay0AhTFWnT2pfhmR9T8cmf-Vrdmkca7/view,"Ik kreeg een hele tafel voor mezelf, omdat mijn man en zijn moeder waren vergeten een stoel voor me vrij te houden.

Ik bestelde de filet mignon. De goede wijn. Het dessert.

Een vrouw aan de tafel naast me vertelde waar ze haar lippenstift had gevonden.

Toen ik dat restaurant uitliep, wist ik precies wie ik vanaf dat moment zou zijn.

Ik heet Valérie.

De familie van mijn man organiseerde haar jaarlijkse diner in een restaurant in het centrum. Veertig mensen. Maanden voorbereiding. Ik was er heel blij mee — ik had de meesten van hen maar één keer gezien, op onze bruiloft drie jaar eerder.

Het plan was eenvoudig. Ik zou daar na het werk bij hen aansluiten. David had me geschreven dat ze een plek vlak naast hem voor me hadden vrijgehouden.

Ik haastte me ernaartoe.

Toen ik binnenkwam, zag ik hun tafel meteen. Lang, luidruchtig, vol. David aan het ene uiteinde, zijn moeder Christine vlak naast hem — zoals ze altijd ging zitten.

Ik liep glimlachend naar hen toe.

Alle stoelen waren bezet.

David keek op. ""O, hé. Je bent er.""

Ik keek naar de tafel. Tassen aan de rugleuningen. De glazen waren al ingeschonken. Iedereen zat.

""Waar moet ik zitten?""

Hij bloosde.

""Ik dacht dat mama een plek voor je had vrijgehouden.""

Christine keek precies één seconde op van haar menukaart.

""Ik dacht dat David daarvoor zorgde.""

Twintig mensen keken naar me terwijl ik daar stond, met mijn jas nog aan.

""Kunnen we er niet gewoon een stoel bij zetten?"" vroeg ik.

Christine nam me van top tot teen op.

""De tafel zit al behoorlijk vol, lieverd. En je ziet er uitgeput uit. Misschien is het beter zo.""

Je ziet er uitgeput uit.

Niet ""het spijt me"". Niet ""ik zal het oplossen"".

Je ziet er uitgeput uit.

David deed wat hij altijd doet: hij verstijfde. Geen oplossing. Niemand die opstond. Alleen hij, starend naar zijn broodbordje.

""Het geeft niet,"" zei ik. ""Ik vind wel iets.""

Er stond een tafeltje in een hoek. Twee plaatsen. Leeg. Zo ver mogelijk van hun tafel vandaan, maar nog steeds in dezelfde zaal.

Ik ging alleen zitten.

En ik bestelde het duurste gerecht van de kaart.

Filet mignon. Een voorgerecht. Een glas wijn dat ik echt lekker vond, in plaats van de rode huiswijn die David altijd voor de tafel bestelde zonder iets te vragen.

De ober was attent. Hij kwam drie keer bij me langs. Zodra ik hem mijn voornaam één keer had verteld, sprak hij me ermee aan.

Vanaf mijn plek kon ik hun tafel zien. De chaos. Christine die haar toehoorders bezighield, iedereen voorovergebogen om naar haar te luisteren. David die ergens om lachte, zonder ooit mijn kant op te kijken.

Ik was niet meer boos. Ik zag het gewoon… helder.

Ongeveer halverwege de maaltijd ging ik me opfrissen.

Ik opende mijn tas en besefte dat ik niets had. Een lippenbalsem, gebarsten en oud. Geen kleur. Niets.

Ik was twee jaar eerder gestopt met lippenstift. Ongeveer toen Christine met haar opmerkingen was begonnen.

""Is dat niet een beetje veel voor een dinsdag?"" had ze een keer opgemerkt, tijdens een familiebarbecue.

""Wat moedig dat je op jouw leeftijd zulke felle kleuren draagt,"" had ze een andere keer glimlachend gezegd.

Dus was ik ermee gestopt. Beetje bij beetje. Tot de dag dat ik in de spiegel keek zonder de vrouw tegenover me te herkennen.

Een vrouw aan de tafel naast me boog zich naar me toe.

In de zestig. Een levendige blik. Op haar lippen het mooiste zachtroze — natuurlijk, maar zichtbaar. Alsof ze helemaal aanwezig was.

""Sorry dat ik u stoor. Gaat alles goed?""

""Alles gaat goed,"" zei ik. ""Gewoon iets met de familie.""

Ze glimlachte alsof ze alles begreep zonder dat iemand haar iets hoefde te vertellen.

""Mag ik vragen wat u op uw lippen hebt?"" vroeg ik. ""Het is prachtig.""

""Avenor Paris,"" zei ze. ""Het is helemaal transparant als u het aanbrengt en het reageert op de chemie van uw eigen lippen. Het wordt uw perfecte tint. Ik weet dat het vreemd klinkt.""

""Het klinkt helemaal niet vreemd.""

""Ik heb jarenlang geen lippenstift gedragen,"" zei ze. ""Iemand had me het gevoel gegeven dat ik overdreef. Toen stuurde mijn vriendin Patricia het naar me op en sindsdien ben ik het blijven gebruiken.""

Ze haalde de huls tevoorschijn. Transparant. Bijna helder.

""Probeer maar.""

Ik bracht het zonder nadenken aan.

Na dertig seconden zat er kleur op mijn lippen. Zacht. Natuurlijk. De mijne.

Niet hoe iemand anders vond dat ik eruit moest zien.

De mijne.

""Waar kan ik het vinden?"" vroeg ik.

""Avenor Paris,"" zei ze. ""Op dit moment is het één kopen, één gratis. Ik heb er drie besteld.""

Ik keek naar Davids tafel. Christine vertelde nog een verhaal. David knikte.

Ik at mijn diner op. Ik betaalde de rekening. Ik stond op.

Op weg naar buiten liep ik langs hun tafel. Christine keek verrast op.

""O, ga je nu al weg?""

""Ja.""

""We hebben nog niet eens een dessert gehad.""

""Ik heb het mijne al gehad.""

David kwam half overeind. ""Ik bel een taxi voor je—""

""Het is goed zo,"" zei ik.

En ik liep naar buiten.

Buiten keek ik naar mijn spiegelbeeld in de ruit van het restaurant.

De lippenstift zat nog steeds perfect. Twee uur. De wijn. Het diner. Nog steeds daar.

Ik leek op mezelf. Alleen beter.

Die avond bestelde ik Avenor Paris. Eén kopen, één gratis. Ik hield er één en gaf de andere aan mijn zus.

Ze belde me vier dagen later.

""Wat is dit voor spul?""

""Ik weet het,"" zei ik.

""Mijn man heeft het opgemerkt. Hij heeft al drie jaar niets opgemerkt.""

""Ik weet het.""

Christine zag me met Kerstmis weer, zes weken later. Ze keek een hele tijd naar mijn lippen.

Ze maakte geen opmerking over dat het ""te veel"" was.

Ze zei helemaal niets.

En dat was voor mij genoeg.

Als iemand u het gevoel geeft dat u overdrijft —

Als u door een opmerking bent gestopt met lippenstift —

Als u op een dag in de spiegel keek zonder de vrouw te herkennen die u aankeek —

U hebt hun toestemming niet nodig om te bestaan.

U hebt alleen de juiste lippenstift nodig.

🌹 Eén kopen, één gratis — de aanbieding duurt niet lang meer
🛡️ 60 dagen niet-goed-geld-teruggarantie

→ Ontdek uw tint op avenorparis.com

Eén voor u. Eén voor de vrouw die het nodig heeft.","Eén kopen, één gratis - eindigt vanavond","Een lippenstift die uw pH afleest, de hele dag blijft zitten en niet in fijne lijntjes uitloopt. 60 dagen niet-goed-geld-teruggarantie.",,
NL-027,Translate,Netherlands,,,https://www.facebook.com/ads/library/?id=1059406850353566,,,,,,
NL-028,Translate,Netherlands,,,https://www.facebook.com/ads/library/?id=27369494302749728,,,,,,
,Translate,Netherlands,,,https://www.facebook.com/ads/library/?id=934283416402786,,,,,,
,Translate,Netherlands,,,https://www.facebook.com/ads/library/?id=1059406850353566,,,,,,